{
    "property": [
        {
            "propId": 1,
            "propPrice": "12000",
            "propDescription": "Near Temple",
            "propType": "FLAT",
            "houseNo": "D 12/5",
            "district": "Varanasi",
            "pin": "221010",
            "city": "Varanasi",
            "state": "UP",
            "landmark": "Nothing",
            "ownerContact": "1234543216"
        },
        {
            "propId": 2,
            "propPrice": "23500",
            "propDescription": "For RENT",
            "propType": "RENTAL",
            "houseNo": "D 13/6",
            "district": "SOUTH",
            "pin": "201306",
            "city": "DELHI",
            "state": "UP",
            "landmark": "Nothing",
            "ownerContact": "1234543216"
        },
        {
            "propId": 3,
            "propPrice": "54200",
            "propDescription": "Owners live abroad, want to sell soon as possible.",
            "propType": "HOUSE",
            "houseNo": "BHU 34/5 Block C",
            "district": "Varanasi",
            "pin": "221010",
            "city": "Varanasi",
            "state": "UP",
            "landmark": "Near Singh Dwar",
            "ownerContact": "1234543216"
        }, {
            "propId": 4,
            "propPrice": "4200",
            "propDescription": "Owners live abroad, want to sell soon as possible.",
            "propType": "HOUSE",
            "houseNo": "BHU 34/5 Block C",
            "district": "Mumbai",
            "pin": "221010",
            "city": "MUMBAI",
            "state": "UP",
            "landmark": "Near Singh Dwar",
            "ownerContact": "1234543216"
        },
        {
            "propId": 5,
            "propPrice": "8200",
            "propDescription": "Owners live abroad, want to sell soon as possible.",
            "propType": "HOUSE",
            "houseNo": "BHU 34/5 Block C",
            "district": "Varanasi",
            "pin": "221010",
            "city": "Varanasi",
            "state": "UP",
            "landmark": "Near Singh Dwar",
            "ownerContact": "1234543216"
        }
    ]
}